{
  "flame_temperature": 1894.035307739012,
  "c_star": 1355.11085957122,
  "gamma": 1.2809059695173979,
  "molecular_weight": 19.486034588052938,
  "heat_power_output": 446666.6666666667,
  "chamber_diameter": 0.017916557313976737,
  "chamber_length": 0.05374967194193021,
  "chamber_volume": 1.3551108595712204e-05,
  "throat_diameter": 0.004644056327589782,
  "throat_area": 1.6938885744640254e-05,
  "exit_diameter": 0.00656768744290206,
  "exit_area": 3.387777148928051e-05,
  "nozzle_length": 0.0035895445286829026,
  "n2o_orifice_diameter": 0.000813113435025395,
  "ethanol_orifice_diameter": 0.0005328811316276166,
  "n2o_injection_velocity": 188.15134553831706,
  "ethanol_injection_velocity": 117.75639176051772,
  "n2o_pressure_drop": 5500000.0,
  "ethanol_pressure_drop": 5500000.0,
  "isp_theoretical": 201.9213895479775,
  "thrust": 99.00861974053367,
  "oxidizer_mass_flow": 0.03333333333333333,
  "fuel_mass_flow": 0.016666666666666666,
  "total_mass_flow": 0.05,
  "mixture_ratio": 2.0,
  "chamber_pressure": 4000000.0,
  "c_star_efficiency": 1.0
}